gp_title,weather,year,title,url
Belgian Grand Prix,"Weather: dry  18°C
Tarmac: dry  25°C
Humidity: 86%
Wind: 1 km/h SW
Pressure: 962 mbar",2023,Qualifying Results 2023 Belgian F1 Sprint Shootout,https://www.f1-fansite.com/f1-result/qualifying-results-2023-belgian-f1-sprint-shootout/
Hungarian F1 Grand Prix,"Weather: dry  26°C
Tarmac: dry  42°C
Humidity : 36%
Wind : 2 km/h  W
Pressure: 987 mbar",2023,F1 Qualifying Results & Report 2023 Hungarian GP,https://www.f1-fansite.com/f1-result/f1-qualifying-results-report-2023-hungarian-gp/
British F1 Grand Prix,"Weather: wet/dry  21°C
Tarmac: wet/dry  22°C
Humidity: 81%
Wind: 3 km/h SW
Pressure: 1000 mbar",2023,Qualifying Results 2023 British F1 Grand Prix,https://www.f1-fansite.com/f1-result/qualifying-results-2023-british-f1-grand-prix/
Austrian F1 Grand Prix,"Weather: dry  16°C
Tarmac: dry  21°C
Humidity: 84%
Wind: 2.1 km/h SW
Pressure: 1011 bar",2023,Qualifying Results 2023 Austrian F1 Sprint,https://www.f1-fansite.com/f1-result/qualifying-results-2022-austrian-f1-sprint/
Austrian F1 GP,"Weather: dry 27°C
Tarmac: dry  41°C
Humidity: 40%
Wind: 1 km/h N
Pressure: 931 mbar",2023,Qualifying Results & Report 2023 Austrian F1 GP,https://www.f1-fansite.com/f1-result/qualifying-results-report-2023-austrian-f1-gp/
Canadian F1 Grand Prix,"Weather: wet 16°C
Tarmac: wet  18°C
Humidity: 88%
Wind: 8.6 m/s NW",2023,Qualifying Results 2023 Canadian F1 GP,https://www.f1-fansite.com/f1-result/qualifying-results-2023-canadian-f1-gp/
Spanish Grand Prix,"Weather: wet  21°C
Tarmac: wet  24°C
Humidity: 74%
Wind: 1 km/h NE
Pressure: 10019 mbar",2023,Qualifying Results 2023 Spanish F1 GP,https://www.f1-fansite.com/f1-result/qualifying-results-2023-spanish-f1-gp/
Monaco F1 Grand Prix,"Weather: dry  26°C
Tarmac: dry  48°C
Humidity: 33%
Wind: 1 km/h W
Pressure: 1016 bar",2023,Qualifying Results 2023 Monaco F1 GP,https://www.f1-fansite.com/f1-result/qualifying-results-2023-monaco-f1-gp/
Miami Formula 1 Grand Prix,"Weather: Partly Cloudy dry 28°C
Tarmac: dry 47°C
Humidity: 56%
Wind: 6.1 km/h
Pressure: 1009 bar",2023,F1 Qualifying Results 2023 Miami F1 GP,https://www.f1-fansite.com/f1-result/f1-qualifying-results-2023-miami-f1-gp/
Azerbaijan F1 Grand Prix,"Weather: dry  25°C
Tarmac: dry  48°C
Humidity: 66%
Wind: 1 km/h N
Pressure: 1011 bar",2023,Sprint Qualifying Results 2023 Azerbaijan F1 GP,https://www.f1-fansite.com/f1-result/sprint-qualifying-results-2023-azerbaijan-f1-gp/
Azerbaijan F1 Grand Prix,"Weather: dry  20°C
Tarmac: dry  38°C
Humidity: 78%
Wind: 1 km/h S
Pressure: 1012 bar",2023,Qualifying Results 2023 Azerbaijan F1 GP,https://www.f1-fansite.com/f1-result/qualifying-results-2023-azerbaijan-f1-gp/
Australian Grand Prix,"Weather: dry 14°C
Tarmac: dry  21°C
Humidity: 60%
Wind: 2 km/h SE
Pressure: 1013.0 bar",2023,F1 Qualifying Results 2023 Australian Grand Prix,https://www.f1-fansite.com/f1-result/f1-qualifying-results-2023-australian-grand-prix/
Saudi Arabia F1 Grand Prix,"Weather: dry 26°C
Tarmac: dry 32°C
Humidity: 49%
Wind: 2.5 m/s SE
Pressure: 1014.2 bar",2023,F1 Qualifying Results 2023 Saudi Arabian Grand Prix,https://www.f1-fansite.com/f1-result/f1-qualifying-results-2023-saudi-arabian-grand-prix/
Bahrain Grand Prix,"Weather: dry  24.3°C
Tarmac: dry  29.0°C
Humidity : 17%
Wind : 10 km/h N
Pressure: 1017.5 bar",2023,F1 Qualifying Results 2023 Bahrain Grand Prix,https://www.f1-fansite.com/f1-result/f1-qualifying-results-2023-bahrain-grand-prix/
Abu Dhabi Grand Prix,"Weather: dry  28.6°C
Tarmac: dry  33.1°C
Humidity : 71%
Wind : 2.4 m/s NE
Pressure: 1014.9 bar",2022,F1 Qualifying Results 2022 Abu Dhabi Grand Prix,https://www.f1-fansite.com/f1-result/f1-qualifying-results-2022-abu-dhabi-grand-prix/
Brazilian Sao Paulo Grand Prix,"Weather: dry 19.1°C
Tarmac: wet  50.8°C
Humidity: 94%
Wind: 1.7 m/s SW
Pressure: 924 bar",2022,F1 Qualifying Results 2022 Sao Paulo F1 Sprint,https://www.f1-fansite.com/f1-result/f1-qualifying-results-2022-sao-paulo-f1-sprint/
Mexico Grand Prix,"Weather: dry  24°C
Tarmac: dry  49°C
Humidity : 36%
Wind : 2.1 m/s E
Pressure: 782 bar",2022,F1 Qualifying Results 2022 Mexico Grand Prix,https://www.f1-fansite.com/f1-result/f1-qualifying-results-2022-mexico-grand-prix/
USA Grand Prix,"Weather: dry 28.9°C
Tarmac: dry  39.6°C
Humidity : 43%
Wind : 3.5 m/s SE
Pressure: 992.7 bar",2022,F1 Qualifying Results 2022 USA Grand Prix,https://www.f1-fansite.com/f1-result/f1-qualifying-results-2022-usa-grand-prix/
Japanese Grand Prix,"Weather: dry  20.2°C
Tarmac: dry  26.7°C
Humidity : 57%
Wind : 3.0 m/s NW
Pressure: 1014.7 bar",2022,F1 Qualifying Results 2022 Japanese Grand Prix,https://www.f1-fansite.com/f1-result/f1-qualifying-results-2022-japanese-grand-prix/
Singapore Grand Prix,"Weather: dry  27.2°C
Tarmac: dry  28.5°C
Humidity : 80%
Wind : 0.8 km/h SE
Pressure: 1009.7 bar",2022,F1 Qualifying Results 2022 Singapore Grand Prix,https://www.f1-fansite.com/f1-result/f1-qualifying-results-2022-singapore-grand-prix/
Italian Grand Prix,"Weather: dry  40.3°C
Tarmac: dry  27.9°C
Humidity : 34%
Wind : 1.0 km/h E
Pressure: 990.5 bar",2022,F1 Qualifying Results 2022 Italian Grand Prix,https://www.f1-fansite.com/f1-result/f1-qualifying-results-2022-italian-grand-prix/
Dutch Grand Prix,"Weather: dry  27°C
Tarmac: dry  39°C
Humidity : 31%
Wind : 2.0 km/h N
Pressure: 1010 bar",2022,F1 Qualifying Results 2022 Dutch Grand Prix,https://www.f1-fansite.com/f1-result/f1-qualifying-results-2022-dutch-grand-prix/
Belgian Grand Prix,"Weather: dry  15°C
Tarmac: dry  20.3°C
Humidity : 87%
Wind : 1.2 m/s W
Pressure: 969 bar",2022,F1 Qualifying Results 2022 Belgian Grand Prix,https://www.f1-fansite.com/f1-result/f1-qualifying-results-2022-belgian-grand-prix/
Hungarian F1 Grand Prix,"Weather: dry  22.0°C
Tarmac: dry  30.1°C
Humidity : 74%
Wind : 2.2 m/s NW
Pressure: 984.2 bar",2022,F1 Qualifying Results 2022 Hungarian Grand Prix,https://www.f1-fansite.com/f1-result/f1-qualifying-results-2022-hungarian-grand-prix/
French F1 Grand Prix,"Weather: dry  30.6-29.9°C
Tarmac: dry  56.0-53.5°C
Humidity : 47.7%
Wind : 1.6 m/s SW
Pressure: 967.9 bar",2022,F1 Qualifying Results 2022 French Grand Prix,https://www.f1-fansite.com/f1-result/f1-qualifying-results-2022-french-grand-prix/
Austrian F1 GP,"Weather: dry 19.2°C
Tarmac: dry  37.6°C
Humidity: 34%
Wind: 0.8 m/s SE
Pressure: 946.2 bar",2022,F1 Qualifying Results 2022 Austrian F1 Sprint,https://www.f1-fansite.com/f1-result/f1-qualifying-results-2022-austrian-f1-sprint/
British F1 Grand Prix,"Weather: wet  14.8°C
Tarmac: wet  20.4°C
Humidity: 86%
Wind: 2.7 m/s NW
Pressure: 999.7 bar",2022,Qualifying Results 2022 British F1 Grand Prix,https://www.f1-fansite.com/f1-result/qualifying-results-2022-british-f1-gp/
Canadian F1 Grand Prix,"Weather: wet 12.8°C
Tarmac: wet  18.1°C
Humidity: 85%
Wind: 1.1 m/s NW
Pressure: 1006.9 bar",2022,Qualifying Results 2022 Canadian F1 GP,https://www.f1-fansite.com/f1-result/qualifying-results-2022-canadian-f1-gp/
Azerbaijan F1 Grand Prix,"Weather: dry  24.8°C
Tarmac: dry  37.1°C
Humidity: 70%
Wind: 0.0 m/s W
Pressure: 1015.5 bar",2022,Qualifying Results 2022 Azerbaijan F1 GP,https://www.f1-fansite.com/f1-result/qualifying-results-2022-azerbaijan-f1-gp/
Monaco F1 Grand Prix,"Weather: dry  25.9°C
Tarmac: dry  47.3°C
Humidity: 52%
Wind: 0.0 m/s NE
Pressure: 1004.0 bar",2022,Qualifying Results 2022 Monaco F1 GP,https://www.f1-fansite.com/f1-result/qualifying-results-2022-monaco-f1-gp/
Spanish F1 Grand Prix,"Weather: dry  34.9°C
Tarmac: wet  47.8°C
Humidity: 18%
Wind: 3.0 m/s SW
Pressure: 1003.5 bar",2022,F1 Qualifying Results 2022 Spanish F1 GP,https://www.f1-fansite.com/f1-result/f1-qualifying-results-2022-spanish-f1-gp/
Miami Formula 1 Grand Prix,"Weather: dry/wet 33.5°C
Tarmac: dry/wet 53.6°C
Humidity: 38%
Wind: 0.6 m/s W
Pressure: 1009 bar",2022,F1 Qualifying Results 2022 Miami F1 GP,https://www.f1-fansite.com/f1-result/f1-qualifying-results-2022-miami-f1-gp/
Emilia Romagna F1 GP,"Weather: dry/wet 12.5°C
Tarmac: dry/wet 14.7°C
Humidity: 84%
Wind: 2.5 m/s W
Pressure: 997.5 bar",2022,F1 Qualifying Results 2022 Emilia Romagna Sprint,https://www.f1-fansite.com/f1-result/f1-qualifying-results-2022-emilia-romagna-f1-gp/
Australian F1 Grand Prix,"Weather: dry 24°C
Tarmac: dry 32°C
Humidity: 55%
Wind: 2.0 m/s SW
Pressure: 1017.5 bar",2022,F1 Qualifying Results 2022 Australian Grand Prix,https://www.f1-fansite.com/f1-result/f1-qualifying-results-2022-australian-grand-prix/
Saudi Arabia F1 Grand Prix,"Weather: dry 23.4°C
Tarmac: dry 25.6°C
Humidity: 58%
Wind: 3.4 m/s SE
Pressure: 1014.2 bar",2022,F1 Qualifying Results 2022 Saudi Arabian Grand Prix,https://www.f1-fansite.com/f1-result/f1-qualifying-results-2022-saudi-arabian-grand-prix/
Bahrain Grand Prix,"Weather: dry  19.5°C
Tarmac: dry  26.1°C
Humidity : 58%
Wind : 0.6 m/s WWN
Pressure: 1013.7 bar",2022,F1 Qualifying Results 2022 Bahrain Grand Prix,https://www.f1-fansite.com/f1-result/f1-qualifying-results-2022-bahrain-grand-prix/
Abu Dhabi Grand Prix,"Weather: dry 29.5°C
Tarmac: dry 25.4°C
Humidity: 55.9%
Wind: 0.3 m/s NE
Pressure: 1018.5 bar",2021,F1 Qualifying Results 2021 Abu Dhabi Grand Prix,https://www.f1-fansite.com/f1-result/f1-qualifying-results-2021-abu-dhabi-grand-prix/
Saudi Arabia F1 Grand Prix,"Weather: dry 28.0°C
Tarmac: dry 31.0°C
Humidity: 72.8%
Wind: 0.6 m/s NW
Pressure: 1013.6 bar",2021,F1 Qualifying Results 2021 Saudi Arabian Grand Prix,https://www.f1-fansite.com/f1-result/f1-qualifying-results-2021-saudi-arabian-grand-prix/
Qatar F1 Grand Prix,"Weather: dry 26.2-25.6°C
Tarmac: dry 29.8-28.4°C
Humidity: 65.8%
Wind: 0.3 m/s S
Pressure: 1009.4 bar",2021,F1 Qualifying Results 2021 Qatar Grand Prix,https://www.f1-fansite.com/f1-result/f1-qualifying-results-2021-qatar-grand-prix/
Brazilian Grand Prix,"Weather: dry 15.6°C
Tarmac: dry 25.7°C
Humidity: 79.7%
Wind: 0.5 m/s W
Pressure: 930.3 bar",2021,F1 Qualifying Results 2021 Brazilian Grand Prix,https://www.f1-fansite.com/f1-result/f1-qualifying-results-2021-brazilian-grand-prix/
Mexico F1 Grand Prix,"Weather: dry 21.4°C
Tarmac: dry 45°C
Humidity: 20.9%
Wind: 0.4 m/s NW
Pressure: 783.8 bar",2021,F1 Qualifying Results 2021 Mexico Grand Prix,https://www.f1-fansite.com/f1-result/f1-qualifying-results-2021-mexico-grand-prix/
USA F1 Grand Prix,"Weather: dry 30.0°C
Tarmac: dry 37.7°C
Humidity: 54.3%
Wind: 1.2 m/s SE
Pressure: 991.6 bar",2021,F1 Qualifying Results 2021 USA Grand Prix,https://www.f1-fansite.com/f1-result/f1-qualifying-results-2021-usa-grand-prix/
Turkish F1 Grand Prix,"Weather: dry/rain/dry  18.3°C
Tarmac: dry/moist/dry  22°C
Humidity: 80.9%
Wind: 0.3 m/s W
Pressure: 1004.6 bar",2021,F1 Qualifying Results 2021 Turkish Grand Prix,https://www.f1-fansite.com/f1-result/f1-qualifying-results-2021-turkish-grand-prix/
Russian Grand Prix,"Weather: dry 14.1°C
Tarmac: wet/dry 15.9°C
Humidity: 79.1%
Wind: 0.5 m/s SW
Pressure: 1016.4 bar",2021,F1 Qualifying Results 2021 Russian Grand Prix,https://www.f1-fansite.com/f1-result/f1-qualifying-results-2021-russian-grand-prix/
Italian Grand Prix,"Weather:  dry  27.6°C
Tarmac: dry  40.4°C
Humidity : 36.5%
Wind : 0.2 m/s E
Pressure: 995.7 bar",2021,F1 Sprint Qualifying Results 2021 Italian GP,https://www.f1-fansite.com/f1-result/f1-sprint-qualifying-results-2021-italian-gp/
Italian Grand Prix,"Weather:  dry  25.6°C
Tarmac: dry  33.0°C
Humidity : 44.1%
Wind : 0.1 m/s S
Pressure: 995.2 bar",2021,F1 Qualifying Results 2021 Italian Grand Prix,https://www.f1-fansite.com/f1-result/f1-qualifying-results-2021-italian-grand-prix/
Dutch Grand Prix,"Weather: dry 19.5°C
Tarmac: dry 35.1°C
Humidity : 61.1%
Wind : 0.4 m/s NE
Pressure: 1018.9 bar",2021,F1 Qualifying Results 2021 Dutch Grand Prix,https://www.f1-fansite.com/f1-result/f1-qualifying-results-2021-dutch-grand-prix/
Belgian Grand Prix,"Weather: wet  14.4°C
Tarmac: wet  19.5°C
Humidity : 92.1%
Wind : 0.3 m/s SW
Pressure: 970.7 bar",2021,F1 Qualifying Results 2021 Belgian Grand Prix,https://www.f1-fansite.com/f1-result/f1-qualifying-results-2021-belgian-grand-prix/
Hungarian Grand Prix,"Weather: dry  29.6°C
Tarmac: dry  61.6°C
Humidity : 47.2%
Wind : 0.6 m/s N
Pressure: 982.7 bar",2021,F1 Qualifying Results 2021 Hungarian Grand Prix,https://www.f1-fansite.com/f1-result/f1-qualifying-results-2021-hungarian-grand-prix/
British Grand Prix,"Weather: dry  25.4°C
Tarmac: dry  47.1°C
Humidity : 50.8%
Wind : 0.6 m/s SE
Pressure: 1009.8 bar",2021,F1 Qualifying Results 2021 British Grand Prix,https://www.f1-fansite.com/f1-result/f1-qualifying-results-2021-british-grand-prix/
Austrian F1 Grand Prix,"Weather: dry  25.4°C
Tarmac: dry  50.5°C
Humidity : 27.6%
Wind : 0.5 m/s E
Pressure: 936.4 bar",2021,F1 Qualifying Results 2021 Austrian Grand Prix,https://www.f1-fansite.com/f1-result/f1-qualifying-results-2021-austrian-grand-prix/
Styrian F1 Grand Prix,"Weather: dry  25.7°C
Tarmac: dry  55.3°C
Humidity : 27.6%
Wind : 0.2 m/s N
Pressure: 938.7 bar",2021,F1 Qualifying Results 2021 Styrian Grand Prix,https://www.f1-fansite.com/f1-result/f1-qualifying-results-2021-styrian-grand-prix/
French F1 Grand Prix,"Weather: dry  29.2°C
Tarmac: dry  41.8°C
Humidity : 44.7%
Wind : 0.4 m/s N
Pressure: 966.9 bar",2021,F1 Qualifying Results 2021 French Grand Prix,https://www.f1-fansite.com/f1-result/f1-qualifying-results-2021-french-grand-prix/
Azerbaijan F1 Grand Prix,"Weather: dry  26.9°C
Tarmac: dry  50.7°C
Humidity : 43.8%
Wind : 0.3 m/s NE
Pressure: 1013.5 bar",2021,F1 Qualifying Results 2021 Azerbaijan Grand Prix,https://www.f1-fansite.com/f1-result/f1-qualifying-results-2021-azerbaijan-grand-prix/
Monaco F1 Grand Prix,"Weather: dry  18.8°C
Tarmac: dry  34.3°C
Humidity : 72.8%
Wind : 1.1 kph NW
Pressure: 1013.0 bar",2021,F1 Qualifying Results 2021 Monaco Grand Prix,https://www.f1-fansite.com/f1-result/f1-qualifying-results-2021-monaco-grand-prix/
Spanish F1,"Weather: dry  25.3°C
Tarmac: dry  44.7°C
Humidity : 46.9%
Wind : 0.3 m/s SW
Pressure: 1002.6 bar",2021,F1 Qualifying Results 2021 Spanish Grand Prix,https://www.f1-fansite.com/f1-result/f1-qualifying-results-2021-spanish-grand-prix/
Portuguese Grand Prix,"Weather: dry  18.0°C
Tarmac: dry  38.4°C
Humidity : 42.6%
Wind : 2.9 m/s W
Pressure: 1005.7 bar",2021,F1 Qualifying Results 2021 Portuguese Grand Prix,https://www.f1-fansite.com/f1-result/f1-qualifying-results-2021-portuguese-grand-prix/
Emilia Romagna Grand Prix,"Weather: dry  12.5°C
Tarmac: dry  27.6°C
Humidity : 54.8%
Wind : 1,4 kph NW
Pressure: 1009.1 bar",2021,F1 Qualifying Results 2021 E. Romagna Grand Prix,https://www.f1-fansite.com/f1-result/f1-qualifying-results-2021-e-romagna-grand-prix/
Bahrain Grand Prix,"Weather: dry  29.1°C
Tarmac: dry  34.1°C
Humidity : 42.2%
Wind : 0.8 m/s W
Pressure: 1009.1 bar",2021,F1 Qualifying Results 2021 Bahrain Grand Prix,https://www.f1-fansite.com/f1-result/f1-qualifying-results-2021-bahrain-grand-prix/
Abu Dhabi F1 GP,"Weather:  dry  23.4-23-2°C
Tarmac: dry  29.9-27.2°C
Humidity : 61.3%
Wind : 2.1 m/s E
Pressure: 1016.2 bar",2020,F1 Qualifying Results 2020 Abu Dhabi Grand Prix,https://www.f1-fansite.com/f1-result/f1-qualifying-results-2020-abu-dhabi-grand-prix/
Sakhir F1 GP,"Weather: dry  24.0°C
Tarmac: dry  26.7°C
Humidity : 42.3%
Wind : 1.3 m/s W
Pressure: 1012.1 bar",2020,F1 Qualifying Results 2020 Sakhir Grand Prix,https://www.f1-fansite.com/f1-result/f1-qualifying-results-2020-sakhir-grand-prix/
Bahrain F1 GP,"Weather: dry  26.4°C
Tarmac: dry  28.2°C
Humidity : 55%
Wind : 0.5 m/s W
Pressure: 1016 bar",2020,F1 Qualifying Results 2020 Bahrain Grand Prix,https://www.f1-fansite.com/f1-result/f1-qualifying-results-2020-bahrain-grand-prix/
Turkish F1 GP,"Weather: Wet/dry/wet
Track temperature:  21°C
Air temperature:  19°C
",2020,F1 Qualifying Results 2020 Turkish Grand Prix,https://www.f1-fansite.com/f1-result/f1-qualifying-results-2020-turkish-grand-prix/
Emilia Romagna GP,"Weather: dry  17°C
Tarmac: dry  20.3°C
Humidity : 70.7%
Wind : 1.1 m/s E
Pressure: 1020.1 bar",2020,F1 Qualifying Results 2020 Emilia Romagna Grand Prix,https://www.f1-fansite.com/f1-result/f1-qualifying-results-2020-emilia-romagna-grand-prix/
Portuguese Grand Prix,"Weather: dry 20.7°C
Tarmac: dry  35.2°C
Humidity : 48.6%
Wind : 2.4 m/s N
Pressure: 1014.0 bar",2020,F1 Qualifying Results 2020 Portuguese Grand Prix,https://www.f1-fansite.com/f1-result/f1-qualifying-results-2020-portuguese-grand-prix/
Eifel Grand Prix,"Weather: dry  8.9°C
Tarmac: dry  17.1°C
Humidity : 58.9%
Wind : 1.3 m/s W
Pressure: 949.1 bar",2020,F1 Qualifying Results 2020 Eifel Grand Prix,https://www.f1-fansite.com/f1-result/f1-qualifying-results-2020-eifel-grand-prix/
Russian Grand Prix,"Weather: dry  26.4°C
Tarmac: dry  34.3°C
Humidity : 56.5%
Wind : 2.7 m/s W
Pressure: 1010.0 bar",2020,F1 Qualifying Results 2020 Russian Grand Prix,https://www.f1-fansite.com/f1-result/f1-qualifying-results-2020-russian-grand-prix/
Tuscan Grand Prix,"Weather: dry  29.4°C
Tarmac: dry  44.1°C
Humidity : 40.5%
Wind : 2.6 m/s N
Pressure: 987.8 bar",2020,F1 Qualifying Results 2020 Tuscan Grand Prix,https://www.f1-fansite.com/f1-result/f1-qualifying-results-2020-tuscan-grand-prix/
Italian Grand Prix,"Weather: dry  28.5°C
Tarmac: dry  45.9°C
Humidity : 45%
Wind : 1.5 m/s S
Pressure: 995.9 bar",2020,F1 Qualifying Results 2020 Italian Grand Prix,https://www.f1-fansite.com/f1-result/f1-qualifying-results-2020-italian-grand-prix/
Belgian Grand Prix,"Weather: dry  16.3°C
Tarmac: dry  24.6°C
Humidity : 63.3%
Wind : 0.4 m/s N
Pressure: 957.7 bar",2020,F1 Qualifying Results 2020 Belgian Grand Prix,https://www.f1-fansite.com/f1-result/f1-qualifying-results-2020-belgian-grand-prix/
Spanish Grand Prix,"Weather: dry  27.8-30.4°C
Tarmac: dry  35-2-44.5°C
Humidity : 60.8-51.4%
Wind : 2.3 m/s S
Pressure: 1001.5 bar",2020,F1 Qualifying Results 2020 Spanish Grand Prix,https://www.f1-fansite.com/f1-result/f1-qualifying-results-2020-spanish-grand-prix/
70th Anniversary Grand Prix,"Weather: dry  26.6°C
Tarmac: dry  44.1°C
Humidity : 52.3%
Wind : 3.4 m/s SE
Pressure: 1003.7 bar",,F1 Qualifying Results 70th Anniversary Grand Prix,https://www.f1-fansite.com/f1-result/f1-qualifying-results-70th-anniversary-grand-prix/
British Grand Prix,"Weather: dry  23.4°C
Tarmac: dry  41.9°C
Humidity : 50.7%
Wind : 4.4 m/s ZE
Pressure: 997.7 bar",2020,F1 Qualifying Results 2020 British Grand Prix,https://www.f1-fansite.com/f1-result/f1-qualifying-results-2020-british-grand-prix/
Hungarian Grand Prix,"Weather: dry 18.7°C
Tarmac: dry  26.9°C
Humidity : 72.8%
Wind : 0.7 m/s NE
Pressure: 987.8 bar",2020,F1 Qualifying Results 2020 Hungarian Grand Prix,https://www.f1-fansite.com/f1-result/f1-qualifying-results-2020-hungarian-grand-prix/
Styrian Grand Prix,"Weather: wet 14.7°C
Tarmac: wet  20.4°C
Humidity : 91.1%
Wind : 1.2 m/s SW
Pressure: 942.6 bar",2020,Qualifying Results 2020 Styrian F1 GP,https://www.f1-fansite.com/f1-result/qualifying-results-2020-styrian-f1-gp/
Austrian Grand Prix,"Weather: dry  24.3°C
Tarmac: dry  48.9°C
Humidity : 35.1%
Wind : 0.8 m/s SW
Pressure: 940.1 bar",2020,Qualifying Results 2020 Austrian F1 GP,https://www.f1-fansite.com/f1-result/qualifying-results-2020-austrian-f1-gp/
Abu Dhabi F1 Grand Prix,"Weather: dry  26.5-°C
Tarmac: dry  32.4°C
Humidity : 61.4%
Wind : 1.7 m/s S
Pressure: 1016.3 bar",2019,Qualifying Results 2019 Abu Dhabi F1 GP,https://www.f1-fansite.com/f1-result/qualifying-results-2019-abu-dhabi-f1-gp/
Brazilian F1 Grand Prix,"Weather: dry 20.6-°C
Tarmac: dry  35.2°C
Humidity : 89.9%
Wind : 1.8 m/s SW
Pressure: 922.7 bar",2019,Qualifying Results 2019 Brazilian F1 GP,https://www.f1-fansite.com/f1-result/qualifying-results-2019-brazilian-f1-gp/
USA F1 Grand Prix,"Weather: dry 19.8-20.7°C
Tarmac: dry  27.0-25.2°C
Humidity : 25.1%
Wind : 0.5 m/s W
Pressure: 1008.2 bar",2019,Qualifying Results 2019 US F1 Grand Prix,https://www.f1-fansite.com/f1-result/qualifying-results-2019-us-f1-grand-prix/
Mexico Grand Prix,"Weather: Dry 19.8-21.5°C
Tarmac: Dry  35.9°C
Humidity : 61.4%
Wind : 1.1 m/s SE
Pressure: 781.4 bar",2019,Qualifying Results 2019 Mexico F1 Grand Prix,https://www.f1-fansite.com/f1-result/qualifying-results-2019-mexico-f1-grand-prix/
Japanese Grand Prix,"Weather: Dry 22.1-22.4°C
Tarmac: Dry  34.0-37.9°C
Humidity : 66.2%
Wind : 8.2-5.2 m/s WWN
Pressure: 1008.3 bar",2019,Qualifying Results 2019 Japanese F1 Grand Prix,https://www.f1-fansite.com/f1-result/qualifying-results-2019-japanese-f1-grand-prix/
Russian Grand Prix,"Weather: Dry 22.0°C
Tarmac: Dry  31.0°C
Humidity: 61.9%
Wind: 3.1 m/s SE
Pressure: 1016.3 bar",2019,Qualifying Results 2019 Russian F1 Grand Prix,https://www.f1-fansite.com/f1-result/qualifying-results-2019-russian-f1-grand-prix/
Singapore Grand Prix,"Weather: Dry 30°C
Tarmac: Dry  35.5-33.9°C
Humidity: 60.4%
Wind: 1.0 m/s SSE
Pressure: 1009.7 bar",2019,Qualifying Results 2019 Singapore F1 Grand Prix,https://www.f1-fansite.com/f1-result/qualifying-results-2019-singapore-f1-grand-prix/
Italian Grand Prix,"Weather: Dry 22.4-23.4°C
Tarmac: Dry  36.4-37.9°C
Humidity: 53.1-48%
Wind: 1.3 m/s SW
Pressure: 992.3 bar",2019,Qualifying Results 2019 Italian F1 Grand Prix,https://www.f1-fansite.com/f1-result/qualifying-results-2019-italian-f1-grand-prix-2/
Belgian Grand Prix,"Weather: Dry 29.0°C
Tarmac: Dry 41.5°C
Humidity: 36.8%
Wind: 3.3 m/s W
Pressure: 964.3 bar",2019,Qualifying Results 2019 Belgian F1 Grand Prix,https://www.f1-fansite.com/f1-result/qualifying-results-2019-belgian-f1-grand-prix/
Hungarian Grand Prix,"Weather: Dry  23.1-24.2°C
Tarmac Dry: 40.5-38.1°C
Humidity: 54.3%
Wind: 2.3-1.4 m/s SE
Pressure: 982.5 bar",2019,Qualifying Results 2019 Hungarian F1 Grand Prix,https://www.f1-fansite.com/f1-result/qualifying-results-2019-hungarian-f1-grand-prix/
German Grand Prix,"Weather: Dry 28.7°C
Tarmac: Dry 45.2°C
Humidity: 49.5%
Wind: 0.7 m/s NE
Pressure: 989.5 bar",2019,Qualifying Results 2019 German F1 Grand Prix,https://www.f1-fansite.com/f1-result/qualifying-results-2019-german-f1-grand-prix/
British Grand Prix,"Weather: Dry 19.4°C
Tarmac: 32.4°C dry
Humidity: 65.7%
Wind: 0.6 m/s SE
Pressure: 1005 bar",2019,Qualifying Results 2019 British F1 Grand Prix,https://www.f1-fansite.com/f1-result/qualifying-results-2019-british-f1-grand-prix/
Austrian Grand Prix,"Weather: 28.7°C Sunny & dry
Tarmac: 50.0°C dry
Humidity: 25.9%
Wind: 0.9 m//s SE
Pressure: 941.6 bar",2019,Qualifying Results 2019 Austrian F1 Grand Prix,https://www.f1-fansite.com/f1-result/qualifying-results-2019-austrian-f1-grand-prix/
French Grand Prix,"Weather: 55.3-52°C Sunny & dry
Tarmac: 26.3°C dry
Humidity: 49.3%
Wind: 1.9 m//s SE
Pressure: 965.2 bar",2019,Qualifying Results 2019 French F1 Grand Prix,https://www.f1-fansite.com/f1-result/qualifying-results-2019-french-f1-grand-prix-2/
Canadian Grand Prix,"Weather: 21.7-23.3°C sunny & dry
Tarmac: 47.2-48.3°C dry
Humidity: 23.9%
Wind: 2.2 m/s
Pressure: 1022.0 bar",2019,Qualifying Results 2019 Canadian F1 Grand Prix,https://www.f1-fansite.com/f1-result/qualifying-results-2019-canadian-f1-grand-prix/
Monaco Grand Prix,"Weather: 21.4°C cloudy & dry
Tarmac: 45.0-40.5°C dry
Humidity: 62.9%
Wind: 1.0 m//s
Pressure: 1014.6 bar",2019,Qualifying Results 2019 Monaco F1 Grand Prix,https://www.f1-fansite.com/f1-result/qualifying-results-2019-monaco-f1-grand-prix/
Spanish Grand Prix,"Weather: 20.8-21.6°C sunny & dry
Tarmac: 33.5-36.2°C dry
Humidity: 61.4%
Wind: 3.0 m//s
Pressure: 1004.6 bar",2019,Qualifying Results 2019 Spanish F1 Grand Prix,https://www.f1-fansite.com/f1-result/qualifying-results-2019-spanish-f1-grand-prix/
Azerbaijan Grand Prix,"Weather: 16.7-14.7°C sunny & dry
Tarmac: 36.7-26.3°C dry
Humidity: 67.9-78.8%
Wind: 1.0 m//s
Pressure: 1023.6 bar",2019,Qualifying Results 2019 Azerbaijan F1 Grand Prix,https://www.f1-fansite.com/f1-result/qualifying-results-2019-azerbaijan-f1-grand-prix/
Chinese Grand Prix,"Weather: 20.9°C sunny & dry
Tarmac: 36.3°C dry
Humidity: 47.4%
Wind: 1.4 m//s
Pressure: 1015.9 bar",2019,Qualifying Results 2019 Chinese F1 Grand Prix,https://www.f1-fansite.com/f1-result/qualifying-results-2019-chinese-f1-grand-prix/
Bahrain Grand Prix,"Weather: 25.2-24.8°C sunny & dry
Tarmac: 29.7-27.6°C dry
Humidity: 52.9-57.3%
Wind: 1.6 m/s
Air pressure: 1.010.1 bar",2019,Qualifying results 2019 Bahrain F1 Grand Prix,https://www.f1-fansite.com/f1-result/qualifying-results-2019-bahrain-f1-grand-prix/
Australian Grand Prix,"Weather: 23.3-22.8°C sunny & dry
Tarmac: 39.6-34.4°C dry
Humidity: 69.7-70%
Wind: 1.2-1.7 m/s
Air pressure: 1.016.8 bar",2019,Qualifying results 2019 Australian F1 Grand Prix,https://www.f1-fansite.com/f1-result/qualifying-results-2019-australian-f1-grand-prix/
Abu Dhabi Grand Prix,"Weather: Sunny & Dry
Air temp: 28ºC
Tarmac: Dry, 32ºC
Wind speed: 2.5 km/h
Humidity: 48%",2018,Qualifying results 2018 Abu Dhabi F1 Grand Prix,https://www.f1-fansite.com/f1-result/qualifying-results-2018-abu-dhabi-f1-grand-prix/
Brazilian Grand Prix,"Weather:   Partly Clouded,  23.7ºC
Tarmac: Dry, 39.6ºC
Wind speed: 5.4 km/h
Humidity: 71.3%",2018,Qualifying results 2018 Brazilian F1 Grand Prix,https://www.f1-fansite.com/f1-result/qualifying-results-2018-brazilian-f1-grand-prix/
Mexican Grand Prix,"Weather:  Clouded Dry,  18ºC
Tarmac: Dry, 27ºC
Wind speed: 7.2 km/h
Humidity: 61%",2018,Qualifying results 2018 Mexican F1 Grand Prix,https://www.f1-fansite.com/f1-result/qualifying-results-2018-mexican-f1-grand-prix/
US F1 Grand Prix,"Weather:  Clouded,  19.3ºC
Tarmac: Dry, 21.7ºC
Wind speed: 4.0 km/h
Humidity: 75.3%",2018,Qualifying results 2018 US F1 Grand Prix,https://www.f1-fansite.com/f1-result/qualifying-results-2018-us-f1-grand-prix/
Japanese F1 Grand Prix,"Weather:  Clouded,  26ºC
Tarmac: Dry/Wet, 29ºC
Wind speed: 16.5 km/h
Humidity: 84.2%",2018,Qualifying results 2018 Japanese F1 Grand Prix,https://www.f1-fansite.com/f1-result/qualifying-results-2018-japanese-f1-grand-prix/
Russian F1 Grand Prix,"Weather:  Sunny,  23.8ºC
Tarmac: Dry, 37.6ºC
Wind speed: 7.2 km/h
Humidity: 60.2%",2018,Qualifying results 2018 Russian F1 Grand Prix,https://www.f1-fansite.com/f1-result/qualifying-results-2018-russian-f1-grand-prix/
Singapore Grand Prix,"Weather:  Dry,  29ºC
Tarmac: Dry, 33ºC
Wind speed: 4.6 km/h
Humidity: 71%",2018,Qualifying results 2018 Singapore F1 Grand Prix,https://www.f1-fansite.com/f1-result/qualifying-results-2018-singapore-f1-grand-prix/
Italian Grand Prix,"Weather:  Overcast,  19.9ºC
Tarmac: Dry, 28.4ºC
Wind speed: 5.4 km/h
Humidity: 71.5%",2018,Qualifying results 2018 Italian F1 Grand Prix,https://www.f1-fansite.com/f1-result/qualifying-results-2018-italian-f1-grand-prix/
Belgian Grand Prix,"Weather:  Clouded, dry/wet  15,1ºC
Tarmac: Dry/Wet, 28.1ºC
Wind speed: 6.8 km/h
Humidity: 53%",2018,Qualifying results 2018 Belgian F1 Grand Prix,https://www.f1-fansite.com/f1-result/qualifying-results-2018-belgian-f1-grand-prix/
Hungarian Grand Prix,"Weather:  Rain,  28.2ºC
Tarmac: Wet, 36.7ºC
Wind speed: 5.4 km/h
Humidity: 53.7%",2018,Qualifying results 2018 Hungarian F1 Grand Prix,https://www.f1-fansite.com/f1-result/qualifying-results-2018-hungarian-f1-grand-prix/
German Grand Prix,"Weather:  Overcast,  21.5ºC
Tarmac: 27.3ºC
Wind speed: 2.9 km.h
Humidity: 84.1%",2018,Qualifying results 2018 German F1 Grand Prix,https://www.f1-fansite.com/f1-result/qualifying-results-2018-german-f1-grand-prix/
 British Grand Prix,"Weather:  Sunny  25.8ºC
Tarmac: 51.1ºC
Wind speed: 5.0 km/h
Humidity: 39%",2018,Qualifying results 2018 British F1 Grand Prix,https://www.f1-fansite.com/f1-result/qualifying-results-2018-british-f1-grand-prix/
French Grand Prix,"Weather:  Partly clouded,  22.6ºC
Tarmac: Dry, 30.2ºC
Wind speed: 1.8km/h
Humidity: 66%",2018,Qualifying results 2018 French F1 Grand Prix,https://www.f1-fansite.com/f1-result/qualifying-results-2018-french-f1-grand-prix/
Canadian Grand Prix,"Weather:  Sunny, Clear Sky,  22.6ºC
Tarmac: Dry, 44.4ºC
Wind speed: 6.8 km/h
Humidity: 22.2%",2018,Qualifying results 2018 Canadian F1 Grand Prix,https://www.f1-fansite.com/f1-result/qualifying-results-2018-canadian-f1-grand-prix/
Monaco Grand Prix,"Weather:  Sunny, Clear Sky,  25.8ºC
Tarmac: Dry, 49.8ºC
Wind speed: 1.8 km/h
Humidity: 50.7%",2018,Qualifying results 2018 Monaco F1 Grand Prix,https://www.f1-fansite.com/f1-result/qualifying-results-2018-monaco-f1-grand-prix/
Spanish Grand Prix,"Weather:  Overcast,  18.9ºC
Tarmac: Dry, 26.5ºC
Wind speed : 10.8 km/h
Humidity: 75.5%",2018,Qualifying results 2018 Spanish F1 Grand Prix,https://www.f1-fansite.com/f1-result/qualifying-results-2018-spanish-f1-grand-prix/
Azerbaijan Grand Prix,"Weather:  Overcast,  22ºC
Tarmac: Dry, 26.5ºC
Wind speed : 5.5 km/h
Humidity: 47.1%",2018,Qualifying results 2018 Azerbaijan F1 Grand Prix,https://www.f1-fansite.com/f1-result/qualifying-results-2018-azerbaijan-f1-grand-prix/
Chinese Grand Prix,"Weather: Dry, overcast 12.5ºC
Tarmac: dry 15ºC
Humidity: 78%",2018,Qualifying results 2018 Chinese F1 Grand Prix,https://www.f1-fansite.com/f1-result/qualifying-results-2018-chinese-f1-grand-prix/
Bahrain Grand Prix,"Weather: overcast, 28,2ºC
Tarmac: dry  32,6ºC
Humidity: 46,5%",2018,Qualifying results 2018 Bahrain F1 Grand Prix,https://www.f1-fansite.com/f1-result/qualifying-results-2018-bahrain-f1-grand-prix/
Australian Grand Prix,"Weather: 24,8°C dry & sunny
Tarmac: 33°C dry
Humidity: 59%",2018,Qualifying results 2018 Australian F1 Grand Prix,https://www.f1-fansite.com/f1-result/qualifying-results-2018-australian-f1-grand-prix/
Abu Dhabi Grand Prix,"Weather: 24°C dry & sunny
Tarmac: 32-29°C dry",2017,Qualifying results 2017 Abu Dhabi F1 Grand Prix,https://www.f1-fansite.com/f1-result/qualifying-results-2017-abu-dhabi-f1-grand-prix/
Brazilian Grand Prix,"Weather: 18°C
Tarmac: 28°C dry",2017,Qualifying results 2017 Brazilian F1 Grand Prix,https://www.f1-fansite.com/f1-result/qualifying-results-2017-brazilian-f1-grand-prix/
Mexico Grand Prix  ,"Weather: 19°C dry & sunny
Tarmac: 43°C dry",2017,Qualifying results 2017 Mexico F1 Grand Prix,https://www.f1-fansite.com/f1-result/qualifying-results-2017-mexico-f1-grand-prix/
USA Grand Prix,"Weather: 32°C dry
Tarmac: 38°C dry",2017,Qualifying results 2017 USA F1 Grand Prix,https://www.f1-fansite.com/f1-result/qualifying-results-2017-usa-f1-grand-prix/
Japanese Grand Prix,"Weather: 22°C dry
Tarmac: 25°C dry",2017,Qualifying results 2017 Japanese F1 Grand Prix,https://www.f1-fansite.com/f1-result/qualifying-results-2017-japanese-f1-grand-prix/
Malaysian Grand Prix,"Weather: 30°C dry
Tarmac: 43°C dry",2017,Qualifying results 2017 Malaysian F1 Grand Prix,https://www.f1-fansite.com/f1-result/qualifying-results-2017-malaysian-f1-grand-prix/
Singapore Grand Prix,"Weather: 28°C dry
Tarmac: 33°C dry",2017,Qualifying results 2017 Singapore F1 Grand Prix,https://www.f1-fansite.com/f1-result/qualifying-results-2017-singapore-f1-grand-prix/
Italian Grand Prix,"Weather: 14°C wet & cloudy
Tarmac: 16°C very wet",2017,Qualifying results 2017 Italian F1 Grand Prix,https://www.f1-fansite.com/f1-result/qualifying-results-2017-italian-f1-grand-prix/
Belgian Grand Prix,"Weather: 24°C Dry & Sunny
Tarmac: 36°C Dry",2017,Qualifying results 2017 Belgian F1 Grand Prix,https://www.f1-fansite.com/f1-result/qualifying-results-2017-belgian-f1-grand-prix/
Hungarian Grand Prix,"Weather: 27°C Dry & Sunny
Tarmac: 57°C Dry",2017,Qualifying results 2017 Hungarian F1 Grand Prix,https://www.f1-fansite.com/f1-result/qualifying-results-2017-hungarian-f1-grand-prix/
British Grand Prix,"Weather: Rainy, overcast, 17ºC
Tarmac: Damp to dry 22ºC",2017,Qualifying results 2017 British F1 Grand Prix,https://www.f1-fansite.com/f1-result/qualifying-results-2017-british-f1-grand-prix/
Austrian Grand Prix,"Weather: Sunny, Clear Sky, 28ºC
Tarmac: Dry 39ºC",2017,Qualifying results 2017 Austrian F1 Grand Prix,https://www.f1-fansite.com/f1-result/qualifying-results-2017-austrian-f1-grand-prix/
Azerbaijan Grand Prix,"Weather: Sunny, Clear Sky, 24ºC
Tarmac: Dry 36ºC",2017,Qualifying results 2017 Azerbaijan F1 Grand Prix,https://www.f1-fansite.com/f1-result/qualifying-results-2017-azerbaijan-f1-grand-prix/
Canadian Grand Prix,"Weather: Sunny, Clear Sky, 25ºC
Tarmac: Dry 47ºC",2017,Qualifying results 2017 Canadian F1 Grand Prix,https://www.f1-fansite.com/f1-result/qualifying-results-2017-canadian-f1-grand-prix/
Monaco Grand Prix,"Weather: Sunny, Clear Sky, 26ºC
Tarmac: Dry 50ºC",2017,Qualifying results 2017 Monaco F1 Grand Prix,https://www.f1-fansite.com/f1-result/qualifying-results-2017-monaco-f1-grand-prix/
Spanish Grand Prix,"Weather: Sunny, Clear Sky, 25ºC
Tarmac: Dry 39ºC",2017,Qualifying results 2017 Spanish F1 Grand Prix,https://www.f1-fansite.com/f1-result/qualifying-results-2017-spanish-f1-grand-prix/
Russian Grand Prix,"Weather: Sunny, Clear Sky, 24ºC
Tarmac: Dry 39ºC
Wind direction: 143º @ 2.6 m/s
Humidity: 67%
Pressure: 1010 mbar",2017,Qualifying results 2017 Russian F1 Grand Prix,https://www.f1-fansite.com/f1-result/qualifying-results-2017-russian-f1-grand-prix/
Chinese Grand Prix,"Weather: overcast, 20ºC
Tarmac: dry  28ºC",2017,Qualifying results 2017 Chinese F1 Grand Prix,https://www.f1-fansite.com/f1-result/qualifying-results-2017-chinese-f1-grand-prix/
Australian Grand Prix,"Weather: Sunny, 26ºC
Tarmac: Dry,  35ºC",2017,Qualifying results 2017 Australian F1 Grand Prix,https://www.f1-fansite.com/f1-result/qualifying-results-2017-australian-f1-grand-prix/
Brazilian Grand Prix,"Weather: 19°C overcast & very light rain
Tarmac: 27°C dry
Humidity: 83%",2016,Qualifying results 2016 Brazilian F1 Grand Prix,https://www.f1-fansite.com/f1-result/qualifying-results-2016-brazilian-f1-grand-prix/
USA Grand Prix,"Weather: 23°C dry & overcast
Tarmac: 33°C dry
Humidity: 31%",2016,Qualifying results 2016 USA F1 Grand Prix,https://www.f1-fansite.com/f1-result/qualifying-results-2016-usa-f1-grand-prix/
Japanese Grand Prix,"Weather: 24°C dry & overcast
Tarmac: 32°C dry
Humidity: 86%",2016,Qualifying results 2016 Japanese F1 Grand Prix,https://www.f1-fansite.com/f1-result/qualifying-results-2016-japanese-f1-grand-prix/
Malaysian Grand Prix,"Weather: 31°C dry & sunny
Tarmac: 42°C dry
Humidity: 55%",2016,Qualifying results 2016 Malaysian F1 Grand Prix,https://www.f1-fansite.com/f1-result/qualifying-results-2016-malaysian-f1-grand-prix/
Singapore Grand Prix,"Weather: 30°C dry & sunny
Tarmac: 32°C dry
Humidity: 75%",2016,Qualifying results 2016 Singapore F1 Grand Prix,https://www.f1-fansite.com/f1-result/qualifying-results-2016-singapore-f1-grand-prix/
Italian Grand Prix,"Weather: 30°C dry & clear
Tarmac: 35°C dry
Humidity:  60%",2016,Qualifying results 2016 Italian F1 Grand Prix,https://www.f1-fansite.com/f1-result/qualifying-results-2016-italian-f1-grand-prix/
British Grand Prix,"Weather: 20°C Dry & Overcast
Tarmac: 25°C Dry
Humidity: 79%",2016,Qualifying results 2016 British F1 Grand Prix,https://www.f1-fansite.com/f1-result/qualifying-results-2016-british-f1-grand-prix/
European Grand Prix,"Weather: 29°C Dry & Sunny
Tarmac: 43°C Dry
Humidity: 45%",2016,Qualifying results 2016 European F1 Grand Prix,https://www.f1-fansite.com/f1-result/qualifying-results-2016-european-f1-grand-prix/
Canadian Grand Prix,"Weather: 20°C Dry & Sunny
Tarmac: 38°C Dry
Humidity: 50%",2016,Qualifying results 2016 Canadian F1 Grand Prix,https://www.f1-fansite.com/f1-result/qualifying-results-2016-canadian-f1-grand-prix/
Monaco Grand Prix,"Weather: Sunny 21°C
Tarmac: Dry 40°C
Humidity: 52%",2016,Qualifying results 2016 Monaco F1 Grand Prix,https://www.f1-fansite.com/f1-result/qualifying-results-2016-monaco-f1-grand-prix/
Spanish Grand Prix,"Weather: Dry & Sunny
Tarmac: Dry",2016,Qualifying results 2016 Spanish F1 Grand Prix,https://www.f1-fansite.com/f1-result/qualifying-results-2016-spanish-f1-grand-prix/
Russian Grand Prix,"Weather: Dry & Sunny
Tarmac: Dry",2016,Qualifying results 2016 Russian F1 Grand Prix,https://www.f1-fansite.com/f1-result/qualifying-results-2016-russian-f1-grand-prix/
Chinese Grand Prix,"Weather: Dry & Sunny
Tarmac: Dry",2016,Qualifying results 2016 Chinese F1 Grand Prix,https://www.f1-fansite.com/f1-result/qualifying-results-2016-chinese-f1-grand-prix/
Bahrain Grand Prix,"Weather: Dry & Clear sky
Tarmac: Dry",2016,Qualifying results 2016 Bahrain F1 Grand Prix,https://www.f1-fansite.com/f1-result/qualifying-results-2016-bahrain-f1-grand-prix/
Australian Grand Prix,"Weather: Dry & Clouded
Tarmac: Dry",2016,Qualifying results 2016 Australian F1 Grand Prix,https://www.f1-fansite.com/f1-result/qualifying-results-2016-australian-f1-grand/
Abu Dhabi Grand Prix,"Weather: Dry, clear sky 25ºC
Tarmac: Dry, 28ºC",2015,Qualifying results 2015 Abu Dhabi F1 Grand Prix,https://www.f1-fansite.com/f1-result/qualifying-results-2015-abu-dhabi-f1-grand-prix/
Mexican Grand Prix,"Weather: Dry, clowed 19ºC
Tarmac: Dry, 32ºC",2015,Qualifying results 2015 Mexican F1 Grand Prix,https://www.f1-fansite.com/f1-result/qualifying-results-2015-mexican-f1-grand-prix/
US Grand Prix,"Weather: Wet, clouded 21ºC
Tarmac: Wet, 23ºC",2015,Qualifying Results 2015 US F1 Grand Prix,https://www.f1-fansite.com/f1-result/qualifying-results-2015-us-f1-grand-prix/
Russian Grand Prix,"Weather: Dry, clouded 15ºC
Tarmac: Dry, 23ºC",2015,Qualifying Results 2015 Russian F1 Grand Prix,https://www.f1-fansite.com/f1-result/qualifying-results-2015-russian-f1-grand-prix/
Japanese Grand Prix,"Weather: Dry, clouded 27ºC
Tarmac: dry, 38ºC",2015,Qualifying Results 2015 Japanese F1 Grand Prix,https://www.f1-fansite.com/f1-result/qualifying-results-2015-japanese-f1-grand-prix/
Singapore Grand Prix,"Weather: Dry, clowdy sky 28ºC
Tarmac: Dry 33ºC",2015,Qualifying Results 2015 Singapore F1 Grand Prix,https://www.f1-fansite.com/f1-result/qualifying-results-2015-singapore-f1-grand-prix/
US F1 Grand Prix,"Weather: Dry
Track temperature: 31°C
Air temperature: 21°C
Wind Speed: 3.7 mps
Wind direction: East
Air Pressure: 1008.5 mBar
Humidity: 21%",2012,Qualifying results 2012 United States F1 Grand Prix,https://www.f1-fansite.com/f1-result/qualifying-results-2012-united-states-formula-1-grand-prix/
Indian Grand Prix,"Weather: Dry
Track temperature: 37°C
Air temperature: 30°C
Wind speed: 3.4 mps
Wind direction: North-West
Humidity: 22%
Airpressure: 990.0 mBar",2012,Qualifying results 2012 Formula 1 Grand Prix of India,https://www.f1-fansite.com/f1-result/qualifying-results-2012-formula-1-grand-prix-of-india/
